Title,Authors,Year,Venue,Citations,Database,Model,Num_Images,Epochs,Batch_Size,Accuracy,Precision,Recall,F1_Score,IoU,AUC,Other_Metrics,URL
Integrating dual convolutional networks and BiLSTM for precision prediction of chronic myeloid leukemia from protein sequences.,"Hend Khalid Alkahtani, Ayman Qahmash",2026,Frontiers in genetics,,PubMed,LSTM,Not specified,Not specified,Not specified,97.5%,Not specified,Not specified,Not specified,Not specified,Not specified,Not specified,https://pubmed.ncbi.nlm.nih.gov/41948604/
Flemboda artificial intelligence: hybrid fuzzy-convolutional neural network for efficient chromosome abnormality classification,"William Li, ·. M. Karpagam, K. Kaviarasu, K. Kiruthika, ·. S. Sarumathi et al.",2026,Zeitschrift für Induktive Abstammungs- und Vererbungslehre,0,Semantic Scholar,Not specified,Not specified,Not specified,Not specified,Not specified,Not specified,Not specified,Not specified,Not specified,Not specified,Not specified,https://www.semanticscholar.org/paper/e29fc1d3051dbe84ebf5ee050b1c7c9aedceec73
Down Syndrome Image Classification Project Using Deep Learning,"Kammari Samiya, Nese Indu, Bantupalli Nagalakshmi, M. Himasree, Yalama Poornima",2026,2026 IEEE Madhya Pradesh Section Conference (MPCON),0,Semantic Scholar,CNN,Not specified,Not specified,Not specified,Not specified,Not specified,Not specified,Not specified,Not specified,Not specified,Not specified,https://www.semanticscholar.org/paper/424850c1f8ecec8be10554f1efb3df57ee7024b5
Development of an Artificial Intelligence-Based Chromosome Interpretation System for Amniotic Fluid Karyotyping.,"Kuan-Han Wu, Hsuan-Wei Huang, Chia Yun Lin, Hsu-Tung Huang, Tzuo-Yau Fan et al.",2026,International journal of molecular sciences,,PubMed,Not specified,Not specified,Not specified,Not specified,Not specified,Not specified,Not specified,Not specified,Not specified,Not specified,Not specified,https://pubmed.ncbi.nlm.nih.gov/41751883/
Deep Learning-Enabled Multimodal AFM Image Enhancement: Correlation Analysis between Surface Topography and Multiphysics Fields.,"Liguo Tian, Haiyue Yu, Lanjiao Liu, Yuxi Huang, Bowei Wang et al.",2026,Analytical chemistry,,PubMed,Xception,Not specified,Not specified,Not specified,Not specified,Not specified,Not specified,Not specified,Not specified,Not specified,Not specified,https://pubmed.ncbi.nlm.nih.gov/41961746/
"Automated karyotyping and structural anomaly detection through a hybrid multi-stage deep learning framework integrating chromosome detection, pairwise classification, and autoencoder-based analysis.","Carolina Rosas-Alatriste, Noé Oswaldo Rodríguez-Rodríguez, Amadeo José Argüelles-Cruz, Alejandro Rosas-Cabral, Cornelio Yáñez-Márquez et al.",2026,Scientific reports,,PubMed,"ResNet-50, ResNet, YOLO, Autoencoder",Not specified,Not specified,Not specified,Not specified,Not specified,Not specified,Not specified,Not specified,Not specified,Not specified,https://pubmed.ncbi.nlm.nih.gov/42151364/
UCRD-Net: End-to-End Chromosome Segmentation Based on Uncertainty Correction and Region Decomposition,,2025,Journal of Artificial Intelligence &amp; Control Systems,1,Semantic Scholar,"Mask R-CNN, R-CNN",", chromosomes",Not specified,Not specified,Not specified,Not specified,Not specified,Not specified,Not specified,Not specified,Not specified,https://www.semanticscholar.org/paper/d57c3c602e57b1c29f7d5d59ce7ecc6659d9c077
Supra-second tracking and live-cell karyotyping reveal principles of mitotic chromosome dynamics.,"Rumen Stamatov, Sonya Uzunova, Yoana Kicheva, Maria Karaboeva, Tavian Blagoev et al.",2025,Nature cell biology,,PubMed,Not specified,Not specified,Not specified,Not specified,Not specified,Not specified,Not specified,Not specified,Not specified,Not specified,Not specified,https://pubmed.ncbi.nlm.nih.gov/40185948/
"MetaChrome: An Open-Source, User-Friendly Tool for Automated Metaphase Chromosome Analysis","M. A. Sagar, Yamini Dalal, Gianluca Pegoraro, Ganesan Arunkumar",2025,bioRxiv,0,Semantic Scholar,Not specified,Not specified,Not specified,Not specified,Not specified,Not specified,Not specified,Not specified,Not specified,Not specified,Not specified,https://www.semanticscholar.org/paper/d75ad2678cddaa99e173982c9d011908004da18b
Exploring deep learning and hybrid approaches in molecular subgrouping and prognostic-related genetic signatures of medulloblastoma.,"Yanong Li, Hailong Liu, Yawei Liu, Jane Li, Hiro Hiromichi Suzuki et al.",2025,Chinese neurosurgical journal,,PubMed,CNN,Not specified,Not specified,Not specified,77.50%,Not specified,Not specified,Not specified,Not specified,Not specified,Not specified,https://pubmed.ncbi.nlm.nih.gov/40954484/
Efficient Chromosome Abnormal Detection using Yolo-V8 model,"V. UmaRani, Augustian Isaac, K. Premnath, K. G., S. A et al.",2025,"2025 3rd International Conference on Intelligent Systems, Advanced Computing and Communication (ISACC)",0,Semantic Scholar,"VGG-19, VGG, YOLO, DCNN",Not specified,Not specified,Not specified,95.2%,Not specified,Not specified,Not specified,Not specified,Not specified,Not specified,https://www.semanticscholar.org/paper/a617a197852d9c9b08f3be721c8e013ffd5d2b99
Dari Mikroskop ke Machine Learning: Tinjauan Literatur tentang Teknologi Pemeriksaan Spermatozoa pada Kasus Persetubuhan (2019–2024),Neshya Ruriana Putri,2025,Journal of Islamic Medicine,0,Semantic Scholar,CNN,Not specified,Not specified,Not specified,Not specified,Not specified,Not specified,Not specified,Not specified,Not specified,Not specified,https://www.semanticscholar.org/paper/47bcbd689534e98c04b7052e8eaffc3900d6d521
DPCformer: An Interpretable Deep Learning Model for Genomic Prediction in Crops,"Pengcheng Deng, Kening Liu, Mengxi Zhou, Mingxi Li, Rui Yang et al.",2025,arXiv Preprint,,arXiv,CNN,Not specified,Not specified,Not specified,Not specified,Not specified,Not specified,Not specified,Not specified,Not specified,Not specified,http://arxiv.org/abs/2510.08662v2
ChromosomeNet: Deep Learning-Based Automated Chromosome Detection in Metaphase Cell Images.,"Chih-En Kuo, Jun-Zhou Li, Jenn-Jhy Tseng, Feng-Chu Lo, Ming-Jer Chen et al.",2025,IEEE open journal of engineering in medicine and biology,,PubMed,"YOLO, R-CNN, Transformer/ViT",5000 metaphase,Not specified,Not specified,99.60%,Not specified,Not specified,Not specified,Not specified,Not specified,Not specified,https://pubmed.ncbi.nlm.nih.gov/39906268/
Chromosome Image Classification Using Edge Fusion Attention Network,"V. Praveena, S. Anbumani, M. Nirmala, S. Karthik",2025,Microscopy research and technique (Print),1,Semantic Scholar,Not specified,Not specified,Not specified,Not specified,99.5%,99.63%,99.45%,99.48%,Not specified,Not specified,Not specified,https://www.semanticscholar.org/paper/c5240e259c4efd313213b08f85bd0c503d465b65
Chromosome Image Classification Based on Improved Differentiable Architecture Search,"Jianming Li, Changchang Zeng, Min Zhou, Zeyi Shang, Jiangang Zhu",2025,Electronics,1,Semantic Scholar,CNN,Not specified,Not specified,Not specified,Not specified,Not specified,Not specified,Not specified,Not specified,Not specified,Not specified,https://www.semanticscholar.org/paper/bb1b4f1bbd7647ad067e5314412b6abba5a0f81a
Automatic detection of sister chromatid exchanges using machine learning models and image analysis algorithms.,"Mizuo Teraoka, Shinya Matsumoto, Ryotaro Kawasumi, Kiyoshi Nishikawa, Kan Okubo et al.",2025,Scientific reports,,PubMed,"Mask R-CNN, R-CNN, Transformer/ViT, Vision Transformer",Not specified,Not specified,Not specified,84.10%,Not specified,Not specified,Not specified,Not specified,Not specified,Not specified,https://pubmed.ncbi.nlm.nih.gov/41198709/
Automated karyogram analysis for early detection of genetic and neurodegenerative disorders: a hybrid machine learning approach,"S. Tabassum, Muhammad Jawad Khan, Javaid Iqbal, A. Waris, M. A. Ijaz",2025,Frontiers Comput. Neurosci.,4,Semantic Scholar,Autoencoder,. karyotype,Not specified,Not specified,99.3%,Not specified,Not specified,Not specified,Not specified,Not specified,Not specified,https://www.semanticscholar.org/paper/d82474c41b929908d2551865f290d653e8d0748b
Automated Detection of Dicentric Chromosomes Using Deep Learning: A Scalable Solution for Cytogenetic Analysis,"D. S, V. S",2025,2025 International Conference on Networks & Advances in Computational Technologies (NetACT),0,Semantic Scholar,"Faster R-CNN, R-CNN",Not specified,Not specified,Not specified,Not specified,Not specified,Not specified,Not specified,Not specified,Not specified,Not specified,https://www.semanticscholar.org/paper/375afd86769397766a6345da186ab4066041dcd0
Artificial Intelligence and Chromothripsis.,"Davide Callegarin, Nada Maaziz, Anne-Laure Mosca, Nathalie Marle, Mélodie Opale et al.",2025,"Methods in molecular biology (Clifton, N.J.)",,PubMed,Not specified,Not specified,Not specified,Not specified,Not specified,Not specified,Not specified,Not specified,Not specified,Not specified,Not specified,https://pubmed.ncbi.nlm.nih.gov/40884650/
Adaptive genetic algorithm based deep feature selector for cancer detection in lung histopathological images.,"Avigyan Roy, Priyam Saha, Nandita Gautam, Friedhelm Schwenker, Ram Sarkar",2025,Scientific reports,,PubMed,CNN,Not specified,Not specified,Not specified,99.75%,Not specified,Not specified,Not specified,Not specified,Not specified,Not specified,https://pubmed.ncbi.nlm.nih.gov/39922836/
APTES: a high-throughput deep learning-based Arabidopsis phenotypic trait estimation system for individual leaves and siliques.,"Ruifang Zhai, Ning Tang, Zhi Liu, Sha Tao, Yupu Huang et al.",2025,aBIOTECH,,PubMed,"Mask R-CNN, R-CNN, GAN",Not specified,Not specified,Not specified,Not specified,Not specified,Not specified,Not specified,Not specified,Not specified,Not specified,https://pubmed.ncbi.nlm.nih.gov/41312108/
A deep learning-based automatic chromosome segmentation method for metaphase cell images.,"Jenn-Jhy Tseng, Chien-Hsing Lu, Li-Yuan Huang, Wen-Chien Bin, Ming-Jer Chen et al.",2025,Computers in biology and medicine,,PubMed,"SegNet, Transformer/ViT, Xception",Not specified,Not specified,Not specified,98.9%,Not specified,99.7%,Not specified,Not specified,Not specified,Not specified,https://pubmed.ncbi.nlm.nih.gov/40818203/
micronuclAI: Automated quantification of micronuclei for assessment of chromosomal instability.,"Miguel A Ibarra-Arellano, Lindsay A Caprio, Aroj Hada, Niklas Stotzem, Luke Cai et al.",2024,bioRxiv : the preprint server for biology,,PubMed,CNN,Not specified,Not specified,Not specified,Not specified,Not specified,Not specified,Not specified,Not specified,Not specified,Not specified,https://pubmed.ncbi.nlm.nih.gov/38854106/
[Application of convolutional neural networks for the classification of metaphase chromosomes].,"Lingling Xu, Ying Zhou, Lichao Zhang, Zhenyu Wang, Q. Mao et al.",2024,Zhonghua yi xue yi chuan xue za zhi = Zhonghua yixue yichuanxue zazhi = Chinese journal of medical genetics,0,Semantic Scholar,Not specified,Not specified,Not specified,Not specified,Not specified,Not specified,Not specified,Not specified,Not specified,Not specified,Not specified,https://www.semanticscholar.org/paper/8126d4fc20d24150aadbbc2b6751193da7cbd57b
The model architecture search system for chromosome image classification,Nurullah Calik,2024,"Signal, Image and Video Processing",2,Semantic Scholar,Not specified,Not specified,Not specified,Not specified,Not specified,Not specified,Not specified,Not specified,Not specified,Not specified,Not specified,https://www.semanticscholar.org/paper/c89ca4bb50a205eceee1e76e0daa81f0b498364f
Karyotype AI for Precision Oncology,"Z. Shamsi, D. Bryant, Jacob M Wilson, X. Qu, Kumar Avinava Dubey et al.",2024,Blood,4,Semantic Scholar,"Inception, Transformer/ViT",Not specified,Not specified,Not specified,99.3%,100%,90%,Not specified,Not specified,Not specified,Not specified,https://www.semanticscholar.org/paper/304a5e56ea6a4bbbfcae64986f2ca0b6b7765818
KaryoXpert: An accurate chromosome segmentation and classification framework for karyotyping analysis without training with manually labeled metaphase-image mask annotations.,"Siyuan Chen, Kaichuang Zhang, Jingdong Hu, Na Li, Ao Xu et al.",2024,Computers in biology and medicine,,PubMed,Xception,Not specified,Not specified,Not specified,Not specified,Not specified,Not specified,Not specified,Not specified,Not specified,Not specified,https://pubmed.ncbi.nlm.nih.gov/38776728/
Geogenomic Predictors of Genetree Heterogeneity Explain Phylogeographic and Introgression History: A Case Study in an Amazonian Bird (Thamnophilus aethiops).,"Lukas J Musher, Glaucia Del-Rio, Rafael S Marcondes, Robb T Brumfield, Gustavo A Bravo et al.",2024,Systematic biology,,PubMed,CNN,Not specified,Not specified,Not specified,Not specified,Not specified,Not specified,Not specified,Not specified,Not specified,Not specified,https://pubmed.ncbi.nlm.nih.gov/37804132/
GeoChromNet: Declustering Metaphase Chromosomes via Topology-Informed Deep Instance Segmentation,"D. G, L. V, Biju V G, V. R, Nonam Chellapan et al.",2024,2024 11th International Conference on Advances in Computing and Communications (ICACC),0,Semantic Scholar,"Mask R-CNN, R-CNN, SegNet, DeepLab",5000 metaphase,Not specified,Not specified,Not specified,Not specified,Not specified,Not specified,Not specified,Not specified,Not specified,https://www.semanticscholar.org/paper/16f88be6c7623935dee604d4152460f96db57a1d
Fully Automatic Karyotyping via Deep Convolutional Neural Networks,"Chengyu Wang, Limin Yu, Jionglong Su, Juming Shen, Valerio Selis et al.",2024,IEEE Access,4,Semantic Scholar,"Mask R-CNN, R-CNN",Not specified,Not specified,Not specified,Not specified,89.75%,Not specified,Not specified,Not specified,Not specified,Not specified,https://www.semanticscholar.org/paper/caaf6187e7e5bd35a21664979ca6c88cd4ebb5a4
Evaluating Performance of Machine Learning Models for Chromosomal Disorder Classification using Karyotype Images: A Comparative Study,"Pallavi Shetty, S. Kamath, P. D., Rajesh B S, R. A. Shetty et al.",2024,"2024 3rd International Conference on Automation, Computing and Renewable Systems (ICACRS)",0,Semantic Scholar,Inception,835 images,Not specified,Not specified,Not specified,Not specified,Not specified,Not specified,Not specified,Not specified,Not specified,https://www.semanticscholar.org/paper/9e5800cf78560001bc566211d70f7d19fb3fc7c5
Enhancing chromosomal analysis efficiency through deep learning-based artificial intelligence graphic analysis,"Ying Zhou, Lingling Xu, Lichao Zhang, Danhua Shi, Chao Wu et al.",2024,Discover Applied Sciences,6,Semantic Scholar,Not specified,Not specified,Not specified,Not specified,Not specified,Not specified,Not specified,Not specified,Not specified,Not specified,Not specified,https://www.semanticscholar.org/paper/4048dde605c0b64076fa9e5240bc8c8d63a4b1d6
Chromosome segmentation and classification: an updated review,"D. Somasundaram, Nirmala Madian, Kam Meng Goh, S. Suresh",2024,Knowledge and Information Systems,3,Semantic Scholar,Not specified,Not specified,Not specified,Not specified,Not specified,Not specified,Not specified,Not specified,Not specified,Not specified,Not specified,https://www.semanticscholar.org/paper/804c82355dec80d824b9361f5cd70c0fd85942e8
Artificial Intelligence and its Role in Forensic Karyotyping: A Systematic Review,"Sachin Kumar Tripathi, K. Rao, Rajiv Ratan Singh, P. K. Yadav",2024,Indian Journal of Forensic Medicine &amp; Toxicology,0,Semantic Scholar,Not specified,Not specified,Not specified,Not specified,Not specified,Not specified,Not specified,Not specified,Not specified,Not specified,Not specified,https://www.semanticscholar.org/paper/ff8bc37339a4c7cf77a4d5cc908ce6a4f8b75ada
Analyzable Metaphase Image Selection Using Deep Learning,"A. S, Gopakumar C",2024,2024 11th International Conference on Advances in Computing and Communications (ICACC),0,Semantic Scholar,"ResNet-50, ResNet, VGG-16, DenseNet, EfficientNet, MobileNet",", metaphase",Not specified,Not specified,Not specified,Not specified,Not specified,Not specified,Not specified,Not specified,Not specified,https://www.semanticscholar.org/paper/b56bae0cd28151e8ea4518f4ceafa1d98fc57d53
An Integral R-Banded Karyotype Analysis System of Bone Marrow Metaphases Based on Deep Learning.,"Jiyue Wang, Chao Xia, Yaling Fan, Lu Jiang, Guang Yang et al.",2024,Archives of pathology & laboratory medicine,,PubMed,Not specified,885 metaphase,Not specified,Not specified,93.33%,Not specified,Not specified,Not specified,91.95%,Not specified,Not specified,https://pubmed.ncbi.nlm.nih.gov/37931220/
P-069 A male factor panel of NGS can identify the genetic cause of more than half patients with seminal alterations,"A. Turienzo Diez, E. M. Garcia, A. Pay, R. Morales, F. Lozano et al.",2023,Human Reproduction,0,Semantic Scholar,Not specified,Not specified,Not specified,Not specified,Not specified,Not specified,Not specified,Not specified,Not specified,Not specified,Not specified,https://www.semanticscholar.org/paper/ccc189fd521c559db372f01c718479b89cd50d62
Masked conditional variational autoencoders for chromosome straightening,"Jingxiong Li, Sunyi Zheng, Zhongyi Shui, Shichuan Zhang, Linyi Yang et al.",2023,arXiv Preprint,,arXiv,Autoencoder,", chromosomes",Not specified,Not specified,Not specified,Not specified,Not specified,Not specified,Not specified,Not specified,Not specified,http://arxiv.org/abs/2306.14129v1
Hybrid Genetic Algorithm and Hill Climbing Optimization for the Neural Network,"Krutika Sarode, Shashidhar Reddy Javaji",2023,arXiv Preprint,,arXiv,CNN,Not specified,Not specified,Not specified,Not specified,Not specified,Not specified,Not specified,Not specified,Not specified,Not specified,http://arxiv.org/abs/2308.13099v1
High-precision automatic identification method for dicentric chromosome images using two-stage convolutional neural network.,"Xiang Shen, Tengfei Ma, Chaowen Li, Zhanbo Wen, Jinlin Zheng et al.",2023,Scientific reports,,PubMed,CNN,Not specified,Not specified,Not specified,99.4%,Not specified,85.8%,Not specified,Not specified,Not specified,Not specified,https://pubmed.ncbi.nlm.nih.gov/36746997/
Genome-wide scans for selective sweeps using convolutional neural networks.,"Hanqing Zhao, Matthijs Souilljee, Pavlos Pavlidis, Nikolaos Alachiotis",2023,"Bioinformatics (Oxford, England)",,PubMed,CNN,Not specified,Not specified,Not specified,Not specified,Not specified,Not specified,Not specified,Not specified,Not specified,Not specified,https://pubmed.ncbi.nlm.nih.gov/37387128/
Genetic hyperparameter optimization with Modified Scalable-Neighbourhood Component Analysis for breast cancer prognostication.,"Shtwai Alsubai, Abdullah Alqahtani, Mohemmed Sha",2023,Neural networks : the official journal of the International Neural Network Society,,PubMed,"Inception, DCNN",Not specified,Not specified,Not specified,Not specified,Not specified,Not specified,Not specified,Not specified,Not specified,Not specified,https://pubmed.ncbi.nlm.nih.gov/36913821/
Deep-Learning-Based Human Chromosome Classification: Data Augmentation and Ensemble,"M. D’Angelo, L. Nanni",2023,Inf.,12,Semantic Scholar,"ResNet-50, ResNet, Transformer/ViT",Not specified,Not specified,Not specified,Not specified,Not specified,Not specified,Not specified,Not specified,Not specified,Not specified,https://www.semanticscholar.org/paper/c14206a4a63f019a731ede279fb7a29228198d08
Deep learning system for classification of ploidy status using time-lapse videos.,"E. Paya, Cristian Pulgarín, L. Bori, Adrián Colomer, V. Naranjo et al.",2023,F&S Science,8,Semantic Scholar,LSTM,Not specified,Not specified,Not specified,Not specified,Not specified,Not specified,Not specified,Not specified,Not specified,Not specified,https://www.semanticscholar.org/paper/8bb48c9c1210cbbc9f664481d211019d827b8a61
DPSeq: A Novel and Efficient Digital Pathology Classifier for Predicting Cancer Biomarkers using Sequencer Architecture,"Min Cen, Xingyu Li, Bangwei Guo, Jitendra Jonnagaddala, Hong Zhang et al.",2023,arXiv Preprint,,arXiv,"ResNet-18, ResNet, EfficientNet, MobileNet, Transformer/ViT, Vision Transformer, LSTM, Xception",Not specified,Not specified,Not specified,Not specified,Not specified,Not specified,Not specified,Not specified,Not specified,Not specified,http://arxiv.org/abs/2305.01968v1
"Combined molecular subtyping, grading, and segmentation of glioma using multi-task deep learning.","Sebastian R van der Voort, Fatih Incekara, Maarten M J Wijnenga, Georgios Kapsas, Renske Gahrmann et al.",2023,Neuro-oncology,,PubMed,CNN,Not specified,Not specified,Not specified,Not specified,Not specified,Not specified,Not specified,Not specified,0.90,Not specified,https://pubmed.ncbi.nlm.nih.gov/35788352/
Classifying aneuploidy in genotype intensity data using deep learning.,"A. Bouwman, I. Hulsegge, R. Hawken, J. Henshall, R. Veerkamp et al.",2023,Journal of animal breeding and genetics = Zeitschrift fur Tierzuchtung und Zuchtungsbiologie,5,Semantic Scholar,CNN,Not specified,Not specified,Not specified,99.9%,Not specified,Not specified,Not specified,Not specified,Not specified,Not specified,https://www.semanticscholar.org/paper/0980deea77dc179af9cfb10fe4f76c4ef4d3f61c
Classification of Chromosomes to Diagnose Chromosomal Abnormalities using CNN,"S.Saranya Dr, S. Lakshmi",2023,2023 International Conference on Artificial Intelligence and Knowledge Discovery in Concurrent Engineering (ICECONF),1,Semantic Scholar,Not specified,4830 chromosomes,Not specified,Not specified,Not specified,Not specified,Not specified,Not specified,Not specified,Not specified,Not specified,https://www.semanticscholar.org/paper/bcc8033068d1d248f0dc2b06e35e59a370428cb7
Chromosome classification via deep learning and its application to patients with structural abnormalities of chromosomes.,"Chuan Yang, Tingting Li, Qiulei Dong, Yanyan Zhao",2023,Medical engineering & physics,,PubMed,DCNN,Not specified,Not specified,Not specified,85.37%,Not specified,Not specified,Not specified,Not specified,Not specified,Not specified,https://pubmed.ncbi.nlm.nih.gov/37985030/
Chromosome Karyotyping and Aneuploidy Detection using Deep Learning Networks,Et al. S. Saranya,2023,International Journal on Recent and Innovation Trends in Computing and Communication,0,Semantic Scholar,GoogLeNet,Not specified,Not specified,Not specified,99%,Not specified,Not specified,Not specified,Not specified,Not specified,Not specified,https://www.semanticscholar.org/paper/03374e55d887636503bd45393a2ac714dd6238b0
Chromosome Cluster Type Identification Using a Swin Transformer,"Indu Joshi, Arnab Kumar Mondal, N. Navab",2023,Applied Sciences,11,Semantic Scholar,Transformer/ViT,Not specified,Not specified,Not specified,Not specified,Not specified,Not specified,Not specified,Not specified,Not specified,Not specified,https://www.semanticscholar.org/paper/537a100ba8a447254e5bdf10bbd67c0f3528f37c
Automatic sex estimation using deep convolutional neural network based on orthopantomogram images.,"Wen-Qing Bu, Yu-Xin Guo, Dong Zhang, Shao-Yi Du, Meng-Qi Han et al.",2023,Forensic science international,,PubMed,CNN,Not specified,Not specified,Not specified,Not specified,Not specified,Not specified,Not specified,Not specified,Not specified,Not specified,https://pubmed.ncbi.nlm.nih.gov/37094502/
Automatic detection of a structural chromosomal abnormality: the del(5q) deletion,"M. Bechar, J. Guyader, Marwa El Bouz, N. Douet-Guilbert, Ayman Al Falou et al.",2023,Defense + Commercial Sensing,2,Semantic Scholar,VGG-19,. karyotype,Not specified,Not specified,98.66%,Not specified,89.33%,Not specified,Not specified,Not specified,Not specified,https://www.semanticscholar.org/paper/39f2343ba5e655e4075f77cc6e103b04df232a34
A novel two-staged deep learning based workflow for analyzable metaphase detection,H. I. Turkmen,2023,Multimedia tools and applications,4,Semantic Scholar,Not specified,Not specified,Not specified,Not specified,Not specified,Not specified,Not specified,Not specified,Not specified,Not specified,Not specified,https://www.semanticscholar.org/paper/d7f679fda2969fa6ac66e0c14f233f56d0d8c2cd
A cloud-based resource for genome coordinate-based exploration and large-scale analysis of chromosome aberrations and gene fusions in cancer,"Janet Wang, Jeanne Zheng, Elaine E Lee, Boris Aguilar, J. Phan et al.",2023,"Genes, Chromosomes and Cancer",11,Semantic Scholar,Not specified,Not specified,Not specified,Not specified,Not specified,Not specified,Not specified,Not specified,Not specified,Not specified,Not specified,https://www.semanticscholar.org/paper/36598fa8f1d45a4236202886a37bf9b5d58b1c7d
Two-dimensional CNN-based distinction of human emotions from EEG channels selected by multi-objective evolutionary algorithm.,"Luis Alfredo Moctezuma, Takashi Abe, Marta Molinas",2022,Scientific reports,,PubMed,CNN,Not specified,Not specified,Not specified,Not specified,Not specified,Not specified,Not specified,Not specified,Not specified,Not specified,https://pubmed.ncbi.nlm.nih.gov/35241745/
Triplet loss for Chromosome Classification,"Pranshav Gajjar, P. Shah, Akash Vegada, J. Savalia",2022,Journal of Innovative Image Processing,5,Semantic Scholar,CNN,Not specified,Not specified,Not specified,Not specified,Not specified,Not specified,Not specified,Not specified,Not specified,Not specified,https://www.semanticscholar.org/paper/2287d3199a9f9c0a6c6de8782a4d154ff2b7fe80
Rapid and automatic detection of micronuclei in binucleated lymphocytes image.,"Xiang Shen, Ying Chen, Chaowen Li, Fucheng Yang, Zhanbo Wen et al.",2022,Scientific reports,,PubMed,CNN,2000 images,Not specified,Not specified,Not specified,Not specified,Not specified,Not specified,Not specified,Not specified,Not specified,https://pubmed.ncbi.nlm.nih.gov/35273270/
Pattern recognition of topologically associating domains using deep learning.,"Jhen Yuan Yang, Jia-Ming Chang",2022,BMC bioinformatics,,PubMed,CNN,Not specified,Not specified,Not specified,Not specified,Not specified,Not specified,Not specified,Not specified,Not specified,Not specified,https://pubmed.ncbi.nlm.nih.gov/36482308/
P-024 Identification of spermatogenic infertility phenotypes using next generation sequencing,"G. Eva M, F. Lozano, B. Lledó, A. Turienzo, A. Cascales et al.",2022,Human Reproduction,0,Semantic Scholar,Not specified,Not specified,Not specified,Not specified,Not specified,Not specified,Not specified,Not specified,Not specified,Not specified,Not specified,https://www.semanticscholar.org/paper/133bd367a5fa6d752fa7f7b2e683ec223917e87c
Mathematical approach for segmenting chromosome clusters in metaspread images.,"Somasundaram Devaraj, Nirmala Madian, S Suresh",2022,Experimental cell research,,PubMed,Not specified,Not specified,Not specified,Not specified,Not specified,Not specified,Not specified,Not specified,Not specified,Not specified,Not specified,https://pubmed.ncbi.nlm.nih.gov/35691379/
DeepLRR: An Online Webserver for Leucine-Rich-Repeat Containing Protein Characterization Based on Deep Learning.,"Zhenya Liu, Zirui Ren, Lunyi Yan, Feng Li",2022,"Plants (Basel, Switzerland)",,PubMed,CNN,Not specified,Not specified,Not specified,Not specified,Not specified,Not specified,Not specified,Not specified,Not specified,Not specified,https://pubmed.ncbi.nlm.nih.gov/35009139/
Deep learning-based identification of sub-nuclear structures in FIB-SEM images,"Niraj Gupta, Eric J. Roberts, Song Pang, C. Shan Xu, Harald F. Hess et al.",2022,arXiv Preprint,,arXiv,CNN,Not specified,Not specified,Not specified,90%,Not specified,Not specified,Not specified,Not specified,Not specified,Not specified,http://arxiv.org/abs/2207.09598v1
Deep Learning Pipeline for Chromosome Segmentation,"Kristyna Pijackova, T. Gotthans, J. Gotthans",2022,International Conference Radioelektronika,9,Semantic Scholar,"U-Net, Mask R-CNN, R-CNN",Not specified,Not specified,Not specified,Not specified,Not specified,Not specified,Not specified,Not specified,Not specified,Not specified,https://www.semanticscholar.org/paper/d8c4b74da1a33f545474d841b352b87746a1edba
"DLm6Am: A Deep-Learning-Based Tool for Identifying N6,2'-O-Dimethyladenosine Sites in RNA Sequences.","Zhengtao Luo, Wei Su, Liliang Lou, Wangren Qiu, Xuan Xiao et al.",2022,International journal of molecular sciences,,PubMed,LSTM,Not specified,Not specified,Not specified,Not specified,Not specified,Not specified,Not specified,Not specified,Not specified,Not specified,https://pubmed.ncbi.nlm.nih.gov/36232325/
Classification of analyzable metaphase images using transfer learning and fine tuning.,Abdulkadir Albayrak,2022,Medical & biological engineering & computing,,PubMed,"VGG-16, VGG, Inception",Not specified,Not specified,Not specified,Not specified,Not specified,Not specified,Not specified,Not specified,Not specified,Not specified,https://pubmed.ncbi.nlm.nih.gov/34822119/
Circulating Tumor Cell Identification Based on Deep Learning.,"Zhifeng Guo, Xiaoxi Lin, Yan Hui, Jingchun Wang, Qiuli Zhang et al.",2022,Frontiers in oncology,,PubMed,CNN,Not specified,Not specified,Not specified,Not specified,Not specified,Not specified,Not specified,Not specified,Not specified,Not specified,https://pubmed.ncbi.nlm.nih.gov/35252012/
ChromosomeNet: A massive dataset enabling benchmarking and building basedlines of clinical chromosome classification.,"Chengchuang Lin, Hanbiao Chen, Jiesheng Huang, Jing Peng, Li Guo et al.",2022,Computational biology and chemistry,,PubMed,Not specified,2763000 karyotype,Not specified,Not specified,99.33%,Not specified,Not specified,Not specified,Not specified,Not specified,Not specified,https://pubmed.ncbi.nlm.nih.gov/35907293/
Chromosome Segmentation Analysis Using Image Processing Techniques and Autoencoders,"Amritha S. Pallavoor, A. Prajwal, TS Sundareshan, Sreekanth K Pallavoor",2022,arXiv.org,6,Semantic Scholar,Autoencoder,Not specified,Not specified,Not specified,Not specified,Not specified,Not specified,Not specified,Not specified,Not specified,Not specified,https://www.semanticscholar.org/paper/98def82064941192fe82ef9c8aa77b7412e7a4dd
Chromenet: a CNN architecture with comparison of optimizers for classification of human chromosome images,"D. Menaka, S. Vaidyanathan",2022,Multidimensional systems and signal processing,25,Semantic Scholar,Not specified,Not specified,Not specified,Not specified,Not specified,Not specified,Not specified,Not specified,Not specified,Not specified,Not specified,https://www.semanticscholar.org/paper/d1d20ed78faf8d9678b4503e6db91dea27d81677
CIR-Net: Automatic Classification of Human Chromosome Based on Inception-ResNet Architecture.,"Chengchuang Lin, Gansen Zhao, Zhirong Yang, Aihua Yin, Xinming Wang et al.",2022,IEEE/ACM transactions on computational biology and bioinformatics,,PubMed,"ResNet, Inception",Not specified,Not specified,Not specified,Not specified,Not specified,Not specified,Not specified,Not specified,Not specified,Not specified,https://pubmed.ncbi.nlm.nih.gov/32750868/
Automated identification of aneuploid cells within the inner cell mass of an embryo using a numerical extraction of morphological signatures,"Abbas Habibalahi, Jared M. Campbell, T. Tan, S. Mahbub, R. Rose et al.",2022,bioRxiv,0,Semantic Scholar,Not specified,Not specified,Not specified,Not specified,Not specified,Not specified,Not specified,Not specified,Not specified,Not specified,Not specified,https://www.semanticscholar.org/paper/b77ce6468b5b45815ee1f4662825ec588536e2b1
Automated chromosomes counting systems using deep neural network,"S. Kang, Junghun Han, Y. Chu, Inkyung Lee, Haemi Joo et al.",2022,"International Conference on Electronics, Information and Communications",2,Semantic Scholar,"Faster R-CNN, R-CNN",Not specified,Not specified,Not specified,Not specified,Not specified,Not specified,Not specified,Not specified,Not specified,Not specified,https://www.semanticscholar.org/paper/191a2075b45798e372ae537c26bea2e22c084bda
Automated analysis of karyotype images,"Ensieh Khazaei, Ala Emrany, Mostafa Tavassolipour, F. Mahjoubi, A. Ebrahimi et al.",2022,J. Bioinform. Comput. Biol.,2,Semantic Scholar,CNN,Not specified,Not specified,Not specified,Not specified,Not specified,Not specified,Not specified,Not specified,Not specified,Not specified,https://www.semanticscholar.org/paper/c2c8c4b2c7dabb66cf77ee81d4b0422d5b974342
An improved deep convolutional neural network architecture for chromosome abnormality detection using hybrid optimization model,"N. Nimitha, P. Ezhumalai, A. Chokkalingam",2022,Microscopy research and technique (Print),13,Semantic Scholar,DCNN,Not specified,Not specified,Not specified,Not specified,Not specified,Not specified,Not specified,Not specified,Not specified,Not specified,https://www.semanticscholar.org/paper/875bd6e495c5ab30b7dde934f9d8e9d2c2cede20
A computer-aided grading of glioma tumor using deep residual networks fusion.,"Prasun Chandra Tripathi, Soumen Bag",2022,Computer methods and programs in biomedicine,,PubMed,Not specified,Not specified,Not specified,Not specified,95.87%,Not specified,Not specified,Not specified,Not specified,Not specified,Not specified,https://pubmed.ncbi.nlm.nih.gov/34974232/
A Clinical Dataset and Various Baselines for Chromosome Instance Segmentation.,"Runhua Huang, Chengchuang Lin, Aihua Yin, Hanbiao Chen, Li Guo et al.",2022,IEEE/ACM transactions on computational biology and bioinformatics,,PubMed,R-CNN,Not specified,Not specified,Not specified,95.38%,Not specified,Not specified,Not specified,Not specified,Not specified,Not specified,https://pubmed.ncbi.nlm.nih.gov/34133283/
Traditional and deep‐based techniques for end‐to‐end automated karyotyping: A review,"Remya Remani Sathyan, Gopakumar Chandrasekhara Menon, H. S, R. Thampi, Jude Hemanth Duraisamy",2021,Expert Syst. J. Knowl. Eng.,24,Semantic Scholar,CNN,Not specified,Not specified,Not specified,Not specified,Not specified,Not specified,Not specified,Not specified,Not specified,Not specified,https://www.semanticscholar.org/paper/a6edb5197e2eced479311902218c42383af41ea6
Retracted: Diagnostic Classification and Prognostic Prediction Using Common Genetic Variants in Autism Spectrum Disorder: Genotype-Based Deep Learning.,"Haishuai Wang, Paul Avillach",2021,JMIR medical informatics,,PubMed,CNN,Not specified,Not specified,Not specified,88%,Not specified,Not specified,Not specified,Not specified,Not specified,Not specified,https://pubmed.ncbi.nlm.nih.gov/33714937/
New methodology for repetitive sequences identification in human X and Y chromosomes.,"Rabeb Touati, Asma Tajouri, Imen Mesaoudi, Afef Elloumi Oueslati, Zied Lachiri et al.",2021,Biomedical signal processing and control,,PubMed,CNN,Not specified,Not specified,Not specified,Not specified,Not specified,Not specified,Not specified,Not specified,Not specified,Not specified,https://pubmed.ncbi.nlm.nih.gov/33101452/
Classification of fluorescent R-Band metaphase chromosomes using a convolutional neural network is precise and fast in generating karyograms of hematologic neoplastic cells.,"B. Vajen, Siegfried Hänselmann, Friederike Lutterloh, S. Käfer, Jennifer Espenkötter et al.",2021,Cancer Genetics,18,Semantic Scholar,CNN,Not specified,Not specified,Not specified,Not specified,Not specified,Not specified,Not specified,Not specified,Not specified,Not specified,https://www.semanticscholar.org/paper/1fb1697b755e4d00472e2cfbb36ff178ef248862
ChrNet: A re-trainable chromosome-based 1D convolutional neural network for predicting immune cell types.,"Shuo Jia, Pingzhao Hu",2021,Genomics,,PubMed,CNN,Not specified,Not specified,Not specified,90%,Not specified,Not specified,Not specified,Not specified,Not specified,Not specified,https://pubmed.ncbi.nlm.nih.gov/33932523/
CNN and Computational Configuration Mathematical Chromosomal Defect Analysis in Medical Images,"M. SureshAnand, G. Reddy, S. Rubavathy, Kalaiselvi Geetha",2021,Journal of Physics: Conference Series,1,Semantic Scholar,"Mask R-CNN, R-CNN",", chromosomes",Not specified,Not specified,Not specified,Not specified,Not specified,Not specified,Not specified,Not specified,Not specified,https://www.semanticscholar.org/paper/0a8ce148a4f8c7f7a9a39f4c73cdf9b93a0da0e6
Benchmarking of Whole Genome Sequencing (WGS) and Whole Transcriptome Sequencing (WTS) As Diagnostic Tools for the Genetic Characterization of Acute Myeloid Leukemia (AML) and Acute Lymphoblastic Leukemia (ALL) in Adults,"C. Haferlach, W. Walter, M. Meggendorfer, A. Stengel, C. Baer et al.",2021,Blood,4,Semantic Scholar,Not specified,9 samples,Not specified,Not specified,Not specified,Not specified,Not specified,Not specified,Not specified,Not specified,Not specified,https://www.semanticscholar.org/paper/c877f158cbaea368bfc2528be8d20f5a27ab0af9
A sequence-based deep learning approach to predict CTCF-mediated chromatin loop.,"Hao Lv, Fu-Ying Dao, Hasan Zulfiqar, Wei Su, Hui Ding et al.",2021,Briefings in bioinformatics,,PubMed,CNN,Not specified,Not specified,Not specified,Not specified,Not specified,Not specified,Not specified,Not specified,Not specified,Not specified,https://pubmed.ncbi.nlm.nih.gov/33634313/
A full molecular picture of F8 intron 1 inversion created with optical genome mapping,"S. Fahiminiya, G. Rivard, P. Scott, A. Montpetit, F. Bacot et al.",2021,Haemophilia,5,Semantic Scholar,Not specified,Not specified,Not specified,Not specified,Not specified,Not specified,Not specified,Not specified,Not specified,Not specified,Not specified,https://www.semanticscholar.org/paper/206af06d630836a13e46f6f0bacb330097b7fa5e
Evolutionary NAS with Gene Expression Programming of Cellular Encoding,"Clifford Broni-Bediako, Yuki Murata, Luiz Henrique Mormille, Masayasu Atsumi",2020,arXiv Preprint,,arXiv,CNN,Not specified,Not specified,Not specified,Not specified,Not specified,Not specified,Not specified,Not specified,Not specified,Not specified,http://arxiv.org/abs/2005.13110v2
Efficient Hyperparameter Optimization in Deep Learning Using a Variable Length Genetic Algorithm,"Xueli Xiao, Ming Yan, Sunitha Basodi, Chunyan Ji, Yi Pan",2020,arXiv Preprint,,arXiv,CNN,Not specified,Not specified,Not specified,Not specified,Not specified,Not specified,Not specified,Not specified,Not specified,Not specified,http://arxiv.org/abs/2006.12703v1
EPIHC: Improving Enhancer-Promoter Interaction Prediction by using Hybrid features and Communicative learning,"Shuai Liu, Xinran Xu, Zhihao Yang, Xiaohan Zhao, Wen Zhang",2020,arXiv Preprint,,arXiv,CNN,Not specified,Not specified,Not specified,Not specified,Not specified,Not specified,Not specified,Not specified,Not specified,Not specified,http://arxiv.org/abs/2012.15418v1
DeepACC:Automate Chromosome Classification based on Metaphase Images using Deep Learning Framework Fused with Prior Knowledge,"Chunlong Luo, Tianqi Yu, Yufan Luo, Manqing Wang, Fuhai Yu et al.",2020,arXiv Preprint,,arXiv,Not specified,3390 metaphase,Not specified,Not specified,Not specified,Not specified,Not specified,Not specified,Not specified,Not specified,Not specified,http://arxiv.org/abs/2006.15528v2
Chromosome Cluster Identification Framework Based on Geometric Features and Machine Learning Algorithms*,"Chengchuang Lin, A. Yin, Qinglan Wu, Hanbiao Chen, Li Guo et al.",2020,IEEE International Conference on Bioinformatics and Biomedicine,4,Semantic Scholar,Not specified,Not specified,Not specified,Not specified,Not specified,Not specified,Not specified,Not specified,Not specified,Not specified,Not specified,https://www.semanticscholar.org/paper/e1a7b518339a8bcfc9aa8e9989f31ca6f308af0c
Brain MRI analysis using a deep learning based evolutionary approach.,"Hossein Shahamat, Mohammad Saniee Abadeh",2020,Neural networks : the official journal of the International Neural Network Society,,PubMed,CNN,Not specified,Not specified,Not specified,Not specified,Not specified,Not specified,Not specified,Not specified,Not specified,Not specified,https://pubmed.ncbi.nlm.nih.gov/32259762/
A Comprehensive Study on Convolutional Neural Networks for Chromosome Classification,"R. Remya, S. Hariharan, Vishnu Vinod, David John W Fernandez, NM Muhammed Ajmal et al.",2020,2020 Advanced Computing and Communication Technologies for High Performance Applications (ACCTHPA),10,Semantic Scholar,DCNN,Not specified,Not specified,Not specified,Not specified,Not specified,Not specified,Not specified,Not specified,Not specified,Not specified,https://www.semanticscholar.org/paper/0421349b1b829cd23a349f246cb1d2177b8fd49e
